url_a,url_b,title_a,title_b,shared_query,shared_keywords,jaccard_sim,shared_count,words_a,words_b,cat_a,cat_b
"https://xn--gestindo-z3a.com/belleza-bienestar/software-reservaciones-spa-santo-domingo/","https://xn--gestindo-z3a.com/belleza-bienestar/software-reservaciones-barberia-santo-domingo/","Software de Reservaciones para Spas en Santo Domingo | Bookido","Software de Reservaciones para Barberías en Santo Domingo | Bookido","software reservaciones santo domingo bookido","software|reservaciones|santo|domingo|bookido","0.714","5","1297","1457","belleza-bienestar","belleza-bienestar"
"https://xn--gestindo-z3a.com/belleza-bienestar/software-reservaciones-salon-belleza-santiago/","https://xn--gestindo-z3a.com/belleza-bienestar/software-reservaciones-salon-belleza-la-romana/","Software de Reservaciones para Salones de Belleza en Santiago RD | Bookido","Software de Reservaciones para Salones de Belleza en La Romana RD | Bookido","software reservaciones salones belleza bookido","software|reservaciones|salones|belleza|bookido","0.714","5","2034","2008","belleza-bienestar","belleza-bienestar"
"https://xn--gestindo-z3a.com/belleza-bienestar/software-reservaciones-spa-santiago/","https://xn--gestindo-z3a.com/belleza-bienestar/software-reservaciones-barberia-santiago/","Software de Reservaciones para Spas en Santiago RD | Bookido","Software de Reservaciones para Barberías en Santiago RD | Bookido","software reservaciones santiago bookido","software|reservaciones|santiago|bookido","0.667","4","1251","1419","belleza-bienestar","belleza-bienestar"
"https://xn--gestindo-z3a.com/gastronomia/sistema-pos-restaurantes-republica-dominicana/","https://xn--gestindo-z3a.com/gastronomia/sistema-pos-restaurantes-santiago/","El Mejor Sistema POS para Restaurantes en RD | RestaurantOS Pro","Sistema POS para Restaurantes en Santiago RD | RestaurantOS Pro","sistema pos restaurantes restaurantos","sistema|pos|restaurantes|restaurantos","0.667","4","1604","1412","gastronomia","gastronomia"
"https://xn--gestindo-z3a.com/belleza-bienestar/software-gestion-negocios-la-romana/","https://xn--gestindo-z3a.com/belleza-bienestar/software-gestion-negocios-la-vega/","Software para Negocios en La Romana — Reservaciones y POS | Gestióndo","Software para Negocios en La Vega — Reservaciones y POS | Gestióndo","software negocios reservaciones pos","software|negocios|reservaciones|pos","0.667","4","1481","1485","belleza-bienestar","belleza-bienestar"
"https://xn--gestindo-z3a.com/belleza-bienestar/software-gestion-negocios-la-romana/","https://xn--gestindo-z3a.com/belleza-bienestar/software-gestion-negocios-santiago/","Software para Negocios en La Romana — Reservaciones y POS | Gestióndo","Software para Negocios en Santiago RD — Reservaciones y POS | Gestióndo","software negocios reservaciones pos","software|negocios|reservaciones|pos","0.667","4","1481","1511","belleza-bienestar","belleza-bienestar"
"https://xn--gestindo-z3a.com/belleza-bienestar/software-gestion-negocios-la-vega/","https://xn--gestindo-z3a.com/belleza-bienestar/software-gestion-negocios-santiago/","Software para Negocios en La Vega — Reservaciones y POS | Gestióndo","Software para Negocios en Santiago RD — Reservaciones y POS | Gestióndo","software negocios reservaciones pos","software|negocios|reservaciones|pos","0.667","4","1485","1511","belleza-bienestar","belleza-bienestar"
"https://xn--gestindo-z3a.com/belleza-bienestar/extension-pestanas-salon-rd/","https://xn--gestindo-z3a.com/belleza-bienestar/lash-lifting-salon-rd/","Extensiones Pestañas RD: Precios y Técnicas | Gestióndo","Lash Lifting y Extensiones de Pestañas en RD — Precios y Técnicas","extensiones pestanas precios tecnicas","extensiones|pestanas|precios|tecnicas","0.667","4","1645","1671","belleza-bienestar","belleza-bienestar"
"https://xn--gestindo-z3a.com/belleza-bienestar/software-reservaciones-salon-belleza-santo-domingo/","https://xn--gestindo-z3a.com/belleza-bienestar/software-reservaciones-spa-santo-domingo/","Software de Reservaciones para Salones de Belleza en Santo Domingo | Bookido","Software de Reservaciones para Spas en Santo Domingo | Bookido","software reservaciones santo domingo bookido","software|reservaciones|santo|domingo|bookido","0.625","5","1770","1297","belleza-bienestar","belleza-bienestar"
"https://xn--gestindo-z3a.com/belleza-bienestar/software-reservaciones-salon-belleza-santo-domingo/","https://xn--gestindo-z3a.com/belleza-bienestar/software-reservaciones-barberia-santo-domingo/","Software de Reservaciones para Salones de Belleza en Santo Domingo | Bookido","Software de Reservaciones para Barberías en Santo Domingo | Bookido","software reservaciones santo domingo bookido","software|reservaciones|santo|domingo|bookido","0.625","5","1770","1457","belleza-bienestar","belleza-bienestar"
"https://xn--gestindo-z3a.com/belleza-bienestar/software-reservaciones-salon-belleza-santo-domingo/","https://xn--gestindo-z3a.com/belleza-bienestar/software-reservaciones-salon-belleza-santiago/","Software de Reservaciones para Salones de Belleza en Santo Domingo | Bookido","Software de Reservaciones para Salones de Belleza en Santiago RD | Bookido","software reservaciones salones belleza bookido","software|reservaciones|salones|belleza|bookido","0.625","5","1770","2034","belleza-bienestar","belleza-bienestar"
"https://xn--gestindo-z3a.com/belleza-bienestar/software-reservaciones-salon-belleza-santo-domingo/","https://xn--gestindo-z3a.com/belleza-bienestar/software-reservaciones-salon-belleza-la-romana/","Software de Reservaciones para Salones de Belleza en Santo Domingo | Bookido","Software de Reservaciones para Salones de Belleza en La Romana RD | Bookido","software reservaciones salones belleza bookido","software|reservaciones|salones|belleza|bookido","0.625","5","1770","2008","belleza-bienestar","belleza-bienestar"
"https://xn--gestindo-z3a.com/belleza-bienestar/software-reservaciones-lash-studio-santo-domingo/","https://xn--gestindo-z3a.com/belleza-bienestar/software-reservaciones-spa-santo-domingo/","Software de Reservaciones para Lash Studios en Santo Domingo | Bookido","Software de Reservaciones para Spas en Santo Domingo | Bookido","software reservaciones santo domingo bookido","software|reservaciones|santo|domingo|bookido","0.625","5","1311","1297","belleza-bienestar","belleza-bienestar"
"https://xn--gestindo-z3a.com/belleza-bienestar/software-reservaciones-lash-studio-santo-domingo/","https://xn--gestindo-z3a.com/belleza-bienestar/software-reservaciones-barberia-santo-domingo/","Software de Reservaciones para Lash Studios en Santo Domingo | Bookido","Software de Reservaciones para Barberías en Santo Domingo | Bookido","software reservaciones santo domingo bookido","software|reservaciones|santo|domingo|bookido","0.625","5","1311","1457","belleza-bienestar","belleza-bienestar"
"https://xn--gestindo-z3a.com/belleza-bienestar/software-reservaciones-spa-santo-domingo/","https://xn--gestindo-z3a.com/belleza-bienestar/software-reservaciones-clinica-estetica-santo-domingo/","Software de Reservaciones para Spas en Santo Domingo | Bookido","Software de Reservaciones para Clínicas Estéticas en Santo Domingo | Bookido","software reservaciones santo domingo bookido","software|reservaciones|santo|domingo|bookido","0.625","5","1297","1451","belleza-bienestar","belleza-bienestar"
"https://xn--gestindo-z3a.com/belleza-bienestar/software-reservaciones-barberia-santo-domingo/","https://xn--gestindo-z3a.com/belleza-bienestar/software-reservaciones-clinica-estetica-santo-domingo/","Software de Reservaciones para Barberías en Santo Domingo | Bookido","Software de Reservaciones para Clínicas Estéticas en Santo Domingo | Bookido","software reservaciones santo domingo bookido","software|reservaciones|santo|domingo|bookido","0.625","5","1457","1451","belleza-bienestar","belleza-bienestar"
"https://xn--gestindo-z3a.com/belleza-bienestar/software-reservaciones-salon-belleza-santiago/","https://xn--gestindo-z3a.com/belleza-bienestar/software-reservaciones-salon-belleza-punta-cana/","Software de Reservaciones para Salones de Belleza en Santiago RD | Bookido","Software de Reservaciones para Salones de Belleza en Punta Cana | Bookido","software reservaciones salones belleza bookido","software|reservaciones|salones|belleza|bookido","0.625","5","2034","1934","belleza-bienestar","belleza-bienestar"
"https://xn--gestindo-z3a.com/belleza-bienestar/software-reservaciones-salon-belleza-santiago/","https://xn--gestindo-z3a.com/belleza-bienestar/software-reservaciones-salon-belleza-puerto-plata/","Software de Reservaciones para Salones de Belleza en Santiago RD | Bookido","Software de Reservaciones para Salones de Belleza en Puerto Plata | Bookido","software reservaciones salones belleza bookido","software|reservaciones|salones|belleza|bookido","0.625","5","2034","2008","belleza-bienestar","belleza-bienestar"
"https://xn--gestindo-z3a.com/belleza-bienestar/software-reservaciones-salon-belleza-punta-cana/","https://xn--gestindo-z3a.com/belleza-bienestar/software-reservaciones-barberia-punta-cana/","Software de Reservaciones para Salones de Belleza en Punta Cana | Bookido","Software de Reservaciones para Barberías en Punta Cana | Bookido","software reservaciones punta cana bookido","software|reservaciones|punta|cana|bookido","0.625","5","1934","1407","belleza-bienestar","belleza-bienestar"
"https://xn--gestindo-z3a.com/belleza-bienestar/software-reservaciones-salon-belleza-punta-cana/","https://xn--gestindo-z3a.com/belleza-bienestar/software-reservaciones-salon-belleza-la-romana/","Software de Reservaciones para Salones de Belleza en Punta Cana | Bookido","Software de Reservaciones para Salones de Belleza en La Romana RD | Bookido","software reservaciones salones belleza bookido","software|reservaciones|salones|belleza|bookido","0.625","5","1934","2008","belleza-bienestar","belleza-bienestar"
"https://xn--gestindo-z3a.com/belleza-bienestar/software-reservaciones-salon-belleza-puerto-plata/","https://xn--gestindo-z3a.com/belleza-bienestar/software-reservaciones-salon-belleza-la-romana/","Software de Reservaciones para Salones de Belleza en Puerto Plata | Bookido","Software de Reservaciones para Salones de Belleza en La Romana RD | Bookido","software reservaciones salones belleza bookido","software|reservaciones|salones|belleza|bookido","0.625","5","2008","2008","belleza-bienestar","belleza-bienestar"
"https://xn--gestindo-z3a.com/belleza-bienestar/software-reservaciones-spa-santo-domingo/","https://xn--gestindo-z3a.com/belleza-bienestar/software-reservaciones-spa-santiago/","Software de Reservaciones para Spas en Santo Domingo | Bookido","Software de Reservaciones para Spas en Santiago RD | Bookido","software reservaciones spas bookido","software|reservaciones|spas|bookido","0.571","4","1297","1251","belleza-bienestar","belleza-bienestar"
"https://xn--gestindo-z3a.com/belleza-bienestar/software-reservaciones-spa-santiago/","https://xn--gestindo-z3a.com/belleza-bienestar/software-reservaciones-salon-belleza-santiago/","Software de Reservaciones para Spas en Santiago RD | Bookido","Software de Reservaciones para Salones de Belleza en Santiago RD | Bookido","software reservaciones santiago bookido","software|reservaciones|santiago|bookido","0.571","4","1251","2034","belleza-bienestar","belleza-bienestar"
"https://xn--gestindo-z3a.com/gastronomia/sistema-pos-restaurantes-republica-dominicana/","https://xn--gestindo-z3a.com/gastronomia/sistema-pos-restaurantes-santo-domingo/","El Mejor Sistema POS para Restaurantes en RD | RestaurantOS Pro","Sistema POS para Restaurantes en Santo Domingo | RestaurantOS Pro","sistema pos restaurantes restaurantos","sistema|pos|restaurantes|restaurantos","0.571","4","1604","1492","gastronomia","gastronomia"
"https://xn--gestindo-z3a.com/gastronomia/sistema-pos-restaurantes-santo-domingo/","https://xn--gestindo-z3a.com/gastronomia/sistema-pos-restaurantes-santiago/","Sistema POS para Restaurantes en Santo Domingo | RestaurantOS Pro","Sistema POS para Restaurantes en Santiago RD | RestaurantOS Pro","sistema pos restaurantes restaurantos","sistema|pos|restaurantes|restaurantos","0.571","4","1492","1412","gastronomia","gastronomia"
"https://xn--gestindo-z3a.com/belleza-bienestar/software-gestion-negocios-la-romana/","https://xn--gestindo-z3a.com/belleza-bienestar/software-gestion-negocios-santo-domingo/","Software para Negocios en La Romana — Reservaciones y POS | Gestióndo","Software para Negocios en Santo Domingo — Reservaciones y POS | Gestióndo","software negocios reservaciones pos","software|negocios|reservaciones|pos","0.571","4","1481","1546","belleza-bienestar","belleza-bienestar"
"https://xn--gestindo-z3a.com/belleza-bienestar/software-gestion-negocios-la-romana/","https://xn--gestindo-z3a.com/belleza-bienestar/software-gestion-negocios-punta-cana/","Software para Negocios en La Romana — Reservaciones y POS | Gestióndo","Software para Negocios en Punta Cana — Reservaciones y POS | Gestióndo","software negocios reservaciones pos","software|negocios|reservaciones|pos","0.571","4","1481","1538","belleza-bienestar","belleza-bienestar"
"https://xn--gestindo-z3a.com/belleza-bienestar/software-gestion-negocios-la-romana/","https://xn--gestindo-z3a.com/belleza-bienestar/software-gestion-negocios-puerto-plata/","Software para Negocios en La Romana — Reservaciones y POS | Gestióndo","Software para Negocios en Puerto Plata — Reservaciones y POS | Gestióndo","software negocios reservaciones pos","software|negocios|reservaciones|pos","0.571","4","1481","1501","belleza-bienestar","belleza-bienestar"
"https://xn--gestindo-z3a.com/belleza-bienestar/software-gestion-negocios-la-vega/","https://xn--gestindo-z3a.com/belleza-bienestar/software-gestion-negocios-santo-domingo/","Software para Negocios en La Vega — Reservaciones y POS | Gestióndo","Software para Negocios en Santo Domingo — Reservaciones y POS | Gestióndo","software negocios reservaciones pos","software|negocios|reservaciones|pos","0.571","4","1485","1546","belleza-bienestar","belleza-bienestar"
"https://xn--gestindo-z3a.com/belleza-bienestar/software-gestion-negocios-la-vega/","https://xn--gestindo-z3a.com/belleza-bienestar/software-gestion-negocios-punta-cana/","Software para Negocios en La Vega — Reservaciones y POS | Gestióndo","Software para Negocios en Punta Cana — Reservaciones y POS | Gestióndo","software negocios reservaciones pos","software|negocios|reservaciones|pos","0.571","4","1485","1538","belleza-bienestar","belleza-bienestar"
"https://xn--gestindo-z3a.com/belleza-bienestar/software-gestion-negocios-la-vega/","https://xn--gestindo-z3a.com/belleza-bienestar/software-gestion-negocios-puerto-plata/","Software para Negocios en La Vega — Reservaciones y POS | Gestióndo","Software para Negocios en Puerto Plata — Reservaciones y POS | Gestióndo","software negocios reservaciones pos","software|negocios|reservaciones|pos","0.571","4","1485","1501","belleza-bienestar","belleza-bienestar"
"https://xn--gestindo-z3a.com/belleza-bienestar/software-reservaciones-barberia-santo-domingo/","https://xn--gestindo-z3a.com/belleza-bienestar/software-reservaciones-barberia-santiago/","Software de Reservaciones para Barberías en Santo Domingo | Bookido","Software de Reservaciones para Barberías en Santiago RD | Bookido","software reservaciones barberias bookido","software|reservaciones|barberias|bookido","0.571","4","1457","1419","belleza-bienestar","belleza-bienestar"
"https://xn--gestindo-z3a.com/belleza-bienestar/software-reservaciones-salon-belleza-santiago/","https://xn--gestindo-z3a.com/belleza-bienestar/software-reservaciones-barberia-santiago/","Software de Reservaciones para Salones de Belleza en Santiago RD | Bookido","Software de Reservaciones para Barberías en Santiago RD | Bookido","software reservaciones santiago bookido","software|reservaciones|santiago|bookido","0.571","4","2034","1419","belleza-bienestar","belleza-bienestar"
"https://xn--gestindo-z3a.com/belleza-bienestar/software-reservaciones-barberia-santiago/","https://xn--gestindo-z3a.com/belleza-bienestar/software-reservaciones-barberia-punta-cana/","Software de Reservaciones para Barberías en Santiago RD | Bookido","Software de Reservaciones para Barberías en Punta Cana | Bookido","software reservaciones barberias bookido","software|reservaciones|barberias|bookido","0.571","4","1419","1407","belleza-bienestar","belleza-bienestar"
"https://xn--gestindo-z3a.com/belleza-bienestar/software-gestion-negocios-santo-domingo/","https://xn--gestindo-z3a.com/belleza-bienestar/software-gestion-negocios-santiago/","Software para Negocios en Santo Domingo — Reservaciones y POS | Gestióndo","Software para Negocios en Santiago RD — Reservaciones y POS | Gestióndo","software negocios reservaciones pos","software|negocios|reservaciones|pos","0.571","4","1546","1511","belleza-bienestar","belleza-bienestar"
"https://xn--gestindo-z3a.com/belleza-bienestar/software-gestion-negocios-santiago/","https://xn--gestindo-z3a.com/belleza-bienestar/software-gestion-negocios-punta-cana/","Software para Negocios en Santiago RD — Reservaciones y POS | Gestióndo","Software para Negocios en Punta Cana — Reservaciones y POS | Gestióndo","software negocios reservaciones pos","software|negocios|reservaciones|pos","0.571","4","1511","1538","belleza-bienestar","belleza-bienestar"
"https://xn--gestindo-z3a.com/belleza-bienestar/software-gestion-negocios-santiago/","https://xn--gestindo-z3a.com/belleza-bienestar/software-gestion-negocios-puerto-plata/","Software para Negocios en Santiago RD — Reservaciones y POS | Gestióndo","Software para Negocios en Puerto Plata — Reservaciones y POS | Gestióndo","software negocios reservaciones pos","software|negocios|reservaciones|pos","0.571","4","1511","1501","belleza-bienestar","belleza-bienestar"
"https://xn--gestindo-z3a.com/belleza-bienestar/brushing-salon-rd/","https://xn--gestindo-z3a.com/belleza-bienestar/unas-gel-salon-rd/","Brushing Salón Belleza RD: Precios y Técnicas | Gestióndo","Uñas en Gel en Salón de Belleza en RD — Técnicas y Precios","salon belleza precios tecnicas","salon|belleza|precios|tecnicas","0.571","4","1697","1693","belleza-bienestar","belleza-bienestar"
"https://xn--gestindo-z3a.com/belleza-bienestar/brushing-salon-rd/","https://xn--gestindo-z3a.com/belleza-bienestar/manicure-permanente-salon-rd/","Brushing Salón Belleza RD: Precios y Técnicas | Gestióndo","Manicure Permanente en Salón de Belleza en RD — Precios y Técnicas","salon belleza precios tecnicas","salon|belleza|precios|tecnicas","0.571","4","1697","1645","belleza-bienestar","belleza-bienestar"
"https://xn--gestindo-z3a.com/belleza-bienestar/brushing-salon-rd/","https://xn--gestindo-z3a.com/belleza-bienestar/coloracion-cabello-salon-rd/","Brushing Salón Belleza RD: Precios y Técnicas | Gestióndo","Coloración de Cabello en Salón de Belleza en RD — Técnicas y Precios","salon belleza precios tecnicas","salon|belleza|precios|tecnicas","0.571","4","1697","1702","belleza-bienestar","belleza-bienestar"
"https://xn--gestindo-z3a.com/belleza-bienestar/brushing-salon-rd/","https://xn--gestindo-z3a.com/belleza-bienestar/depilacion-cera-salon-rd/","Brushing Salón Belleza RD: Precios y Técnicas | Gestióndo","Depilación con Cera en Salón de Belleza en RD — Precios y Técnicas","salon belleza precios tecnicas","salon|belleza|precios|tecnicas","0.571","4","1697","1740","belleza-bienestar","belleza-bienestar"
"https://xn--gestindo-z3a.com/belleza-bienestar/software-reservaciones-salon-belleza-santo-domingo/","https://xn--gestindo-z3a.com/belleza-bienestar/software-reservaciones-lash-studio-santo-domingo/","Software de Reservaciones para Salones de Belleza en Santo Domingo | Bookido","Software de Reservaciones para Lash Studios en Santo Domingo | Bookido","software reservaciones santo domingo bookido","software|reservaciones|santo|domingo|bookido","0.556","5","1770","1311","belleza-bienestar","belleza-bienestar"
"https://xn--gestindo-z3a.com/belleza-bienestar/software-reservaciones-salon-belleza-santo-domingo/","https://xn--gestindo-z3a.com/belleza-bienestar/software-reservaciones-salon-belleza-punta-cana/","Software de Reservaciones para Salones de Belleza en Santo Domingo | Bookido","Software de Reservaciones para Salones de Belleza en Punta Cana | Bookido","software reservaciones salones belleza bookido","software|reservaciones|salones|belleza|bookido","0.556","5","1770","1934","belleza-bienestar","belleza-bienestar"
"https://xn--gestindo-z3a.com/belleza-bienestar/software-reservaciones-salon-belleza-santo-domingo/","https://xn--gestindo-z3a.com/belleza-bienestar/software-reservaciones-clinica-estetica-santo-domingo/","Software de Reservaciones para Salones de Belleza en Santo Domingo | Bookido","Software de Reservaciones para Clínicas Estéticas en Santo Domingo | Bookido","software reservaciones santo domingo bookido","software|reservaciones|santo|domingo|bookido","0.556","5","1770","1451","belleza-bienestar","belleza-bienestar"
"https://xn--gestindo-z3a.com/belleza-bienestar/software-reservaciones-salon-belleza-santo-domingo/","https://xn--gestindo-z3a.com/belleza-bienestar/software-reservaciones-salon-belleza-puerto-plata/","Software de Reservaciones para Salones de Belleza en Santo Domingo | Bookido","Software de Reservaciones para Salones de Belleza en Puerto Plata | Bookido","software reservaciones salones belleza bookido","software|reservaciones|salones|belleza|bookido","0.556","5","1770","2008","belleza-bienestar","belleza-bienestar"
"https://xn--gestindo-z3a.com/belleza-bienestar/software-reservaciones-lash-studio-santo-domingo/","https://xn--gestindo-z3a.com/belleza-bienestar/software-reservaciones-clinica-estetica-santo-domingo/","Software de Reservaciones para Lash Studios en Santo Domingo | Bookido","Software de Reservaciones para Clínicas Estéticas en Santo Domingo | Bookido","software reservaciones santo domingo bookido","software|reservaciones|santo|domingo|bookido","0.556","5","1311","1451","belleza-bienestar","belleza-bienestar"
"https://xn--gestindo-z3a.com/belleza-bienestar/software-reservaciones-salon-belleza-punta-cana/","https://xn--gestindo-z3a.com/belleza-bienestar/software-reservaciones-salon-belleza-puerto-plata/","Software de Reservaciones para Salones de Belleza en Punta Cana | Bookido","Software de Reservaciones para Salones de Belleza en Puerto Plata | Bookido","software reservaciones salones belleza bookido","software|reservaciones|salones|belleza|bookido","0.556","5","1934","2008","belleza-bienestar","belleza-bienestar"
"https://xn--gestindo-z3a.com/belleza-bienestar/software-reservaciones-salon-belleza-santo-domingo/","https://xn--gestindo-z3a.com/belleza-bienestar/software-reservaciones-nail-studio-santo-domingo/","Software de Reservaciones para Salones de Belleza en Santo Domingo | Bookido","Software para Nail Studios y Salones de Uñas en Santo Domingo | Bookido","software salones santo domingo bookido","software|salones|santo|domingo|bookido","0.500","5","1770","2088","belleza-bienestar","belleza-bienestar"
"https://xn--gestindo-z3a.com/belleza-bienestar/software-reservaciones-lash-studio-santo-domingo/","https://xn--gestindo-z3a.com/belleza-bienestar/software-reservaciones-nail-studio-santo-domingo/","Software de Reservaciones para Lash Studios en Santo Domingo | Bookido","Software para Nail Studios y Salones de Uñas en Santo Domingo | Bookido","software studios santo domingo bookido","software|studios|santo|domingo|bookido","0.500","5","1311","2088","belleza-bienestar","belleza-bienestar"
"https://xn--gestindo-z3a.com/belleza-bienestar/software-reservaciones-spa-santo-domingo/","https://xn--gestindo-z3a.com/belleza-bienestar/software-gestion-negocios-santo-domingo/","Software de Reservaciones para Spas en Santo Domingo | Bookido","Software para Negocios en Santo Domingo — Reservaciones y POS | Gestióndo","software reservaciones santo domingo","software|reservaciones|santo|domingo","0.500","4","1297","1546","belleza-bienestar","belleza-bienestar"
"https://xn--gestindo-z3a.com/belleza-bienestar/software-reservaciones-veterinaria-rd/","https://xn--gestindo-z3a.com/belleza-bienestar/software-reservaciones-clinica-estetica-santo-domingo/","Software de Reservaciones para Clínicas Veterinarias en RD | Bookido","Software de Reservaciones para Clínicas Estéticas en Santo Domingo | Bookido","software reservaciones clinicas bookido","software|reservaciones|clinicas|bookido","0.500","4","1421","1451","belleza-bienestar","belleza-bienestar"
"https://xn--gestindo-z3a.com/belleza-bienestar/software-reservaciones-barberia-santo-domingo/","https://xn--gestindo-z3a.com/belleza-bienestar/software-reservaciones-barberia-punta-cana/","Software de Reservaciones para Barberías en Santo Domingo | Bookido","Software de Reservaciones para Barberías en Punta Cana | Bookido","software reservaciones barberias bookido","software|reservaciones|barberias|bookido","0.500","4","1457","1407","belleza-bienestar","belleza-bienestar"
"https://xn--gestindo-z3a.com/belleza-bienestar/software-reservaciones-barberia-santo-domingo/","https://xn--gestindo-z3a.com/belleza-bienestar/software-gestion-negocios-santo-domingo/","Software de Reservaciones para Barberías en Santo Domingo | Bookido","Software para Negocios en Santo Domingo — Reservaciones y POS | Gestióndo","software reservaciones santo domingo","software|reservaciones|santo|domingo","0.500","4","1457","1546","belleza-bienestar","belleza-bienestar"
"https://xn--gestindo-z3a.com/belleza-bienestar/software-reservaciones-barberia-punta-cana/","https://xn--gestindo-z3a.com/belleza-bienestar/software-gestion-negocios-punta-cana/","Software de Reservaciones para Barberías en Punta Cana | Bookido","Software para Negocios en Punta Cana — Reservaciones y POS | Gestióndo","software reservaciones punta cana","software|reservaciones|punta|cana","0.500","4","1407","1538","belleza-bienestar","belleza-bienestar"
"https://xn--gestindo-z3a.com/belleza-bienestar/software-gestion-negocios-santo-domingo/","https://xn--gestindo-z3a.com/belleza-bienestar/software-gestion-negocios-punta-cana/","Software para Negocios en Santo Domingo — Reservaciones y POS | Gestióndo","Software para Negocios en Punta Cana — Reservaciones y POS | Gestióndo","software negocios reservaciones pos","software|negocios|reservaciones|pos","0.500","4","1546","1538","belleza-bienestar","belleza-bienestar"
"https://xn--gestindo-z3a.com/belleza-bienestar/software-gestion-negocios-santo-domingo/","https://xn--gestindo-z3a.com/belleza-bienestar/software-gestion-negocios-puerto-plata/","Software para Negocios en Santo Domingo — Reservaciones y POS | Gestióndo","Software para Negocios en Puerto Plata — Reservaciones y POS | Gestióndo","software negocios reservaciones pos","software|negocios|reservaciones|pos","0.500","4","1546","1501","belleza-bienestar","belleza-bienestar"
"https://xn--gestindo-z3a.com/belleza-bienestar/software-gestion-negocios-punta-cana/","https://xn--gestindo-z3a.com/belleza-bienestar/software-gestion-negocios-puerto-plata/","Software para Negocios en Punta Cana — Reservaciones y POS | Gestióndo","Software para Negocios en Puerto Plata — Reservaciones y POS | Gestióndo","software negocios reservaciones pos","software|negocios|reservaciones|pos","0.500","4","1538","1501","belleza-bienestar","belleza-bienestar"
"https://xn--gestindo-z3a.com/marketing-crecimiento/seo-local-negocio-rd/","https://xn--gestindo-z3a.com/marketing-crecimiento/seo-local-negocios-rd/","SEO Local Negocio RD: Cómo Aparecer en Google | Gestióndo","SEO Local RD: Cómo Aparecer Primero en Google Maps en Tu Zona","seo local aparecer google","seo|local|aparecer|google","0.500","4","1792","1806","marketing-crecimiento","marketing-crecimiento"
"https://xn--gestindo-z3a.com/marketing-crecimiento/google-maps-restaurante-rd/","https://xn--gestindo-z3a.com/marketing-crecimiento/seo-local-negocios-rd/","Google Maps para Restaurantes en RD — Cómo Aparecer Primero","SEO Local RD: Cómo Aparecer Primero en Google Maps en Tu Zona","google maps aparecer primero","google|maps|aparecer|primero","0.500","4","1729","1806","marketing-crecimiento","marketing-crecimiento"
"https://xn--gestindo-z3a.com/belleza-bienestar/unas-gel-salon-rd/","https://xn--gestindo-z3a.com/belleza-bienestar/manicure-permanente-salon-rd/","Uñas en Gel en Salón de Belleza en RD — Técnicas y Precios","Manicure Permanente en Salón de Belleza en RD — Precios y Técnicas","salon belleza tecnicas precios","salon|belleza|tecnicas|precios","0.500","4","1693","1645","belleza-bienestar","belleza-bienestar"
"https://xn--gestindo-z3a.com/belleza-bienestar/unas-gel-salon-rd/","https://xn--gestindo-z3a.com/belleza-bienestar/coloracion-cabello-salon-rd/","Uñas en Gel en Salón de Belleza en RD — Técnicas y Precios","Coloración de Cabello en Salón de Belleza en RD — Técnicas y Precios","salon belleza tecnicas precios","salon|belleza|tecnicas|precios","0.500","4","1693","1702","belleza-bienestar","belleza-bienestar"
"https://xn--gestindo-z3a.com/belleza-bienestar/unas-gel-salon-rd/","https://xn--gestindo-z3a.com/belleza-bienestar/depilacion-cera-salon-rd/","Uñas en Gel en Salón de Belleza en RD — Técnicas y Precios","Depilación con Cera en Salón de Belleza en RD — Precios y Técnicas","salon belleza tecnicas precios","salon|belleza|tecnicas|precios","0.500","4","1693","1740","belleza-bienestar","belleza-bienestar"
"https://xn--gestindo-z3a.com/belleza-bienestar/manicure-permanente-salon-rd/","https://xn--gestindo-z3a.com/belleza-bienestar/coloracion-cabello-salon-rd/","Manicure Permanente en Salón de Belleza en RD — Precios y Técnicas","Coloración de Cabello en Salón de Belleza en RD — Técnicas y Precios","salon belleza precios tecnicas","salon|belleza|precios|tecnicas","0.500","4","1645","1702","belleza-bienestar","belleza-bienestar"
"https://xn--gestindo-z3a.com/belleza-bienestar/manicure-permanente-salon-rd/","https://xn--gestindo-z3a.com/belleza-bienestar/depilacion-cera-salon-rd/","Manicure Permanente en Salón de Belleza en RD — Precios y Técnicas","Depilación con Cera en Salón de Belleza en RD — Precios y Técnicas","salon belleza precios tecnicas","salon|belleza|precios|tecnicas","0.500","4","1645","1740","belleza-bienestar","belleza-bienestar"
"https://xn--gestindo-z3a.com/belleza-bienestar/coloracion-cabello-salon-rd/","https://xn--gestindo-z3a.com/belleza-bienestar/depilacion-cera-salon-rd/","Coloración de Cabello en Salón de Belleza en RD — Técnicas y Precios","Depilación con Cera en Salón de Belleza en RD — Precios y Técnicas","salon belleza tecnicas precios","salon|belleza|tecnicas|precios","0.500","4","1702","1740","belleza-bienestar","belleza-bienestar"
"https://xn--gestindo-z3a.com/belleza-bienestar/software-reservaciones-salon-belleza-santo-domingo/","https://xn--gestindo-z3a.com/belleza-bienestar/software-gestion-negocios-santo-domingo/","Software de Reservaciones para Salones de Belleza en Santo Domingo | Bookido","Software para Negocios en Santo Domingo — Reservaciones y POS | Gestióndo","software reservaciones santo domingo","software|reservaciones|santo|domingo","0.444","4","1770","1546","belleza-bienestar","belleza-bienestar"
"https://xn--gestindo-z3a.com/belleza-bienestar/software-reservaciones-lash-studio-santo-domingo/","https://xn--gestindo-z3a.com/belleza-bienestar/software-gestion-negocios-santo-domingo/","Software de Reservaciones para Lash Studios en Santo Domingo | Bookido","Software para Negocios en Santo Domingo — Reservaciones y POS | Gestióndo","software reservaciones santo domingo","software|reservaciones|santo|domingo","0.444","4","1311","1546","belleza-bienestar","belleza-bienestar"
"https://xn--gestindo-z3a.com/belleza-bienestar/software-reservaciones-salon-belleza-punta-cana/","https://xn--gestindo-z3a.com/belleza-bienestar/software-gestion-negocios-punta-cana/","Software de Reservaciones para Salones de Belleza en Punta Cana | Bookido","Software para Negocios en Punta Cana — Reservaciones y POS | Gestióndo","software reservaciones punta cana","software|reservaciones|punta|cana","0.444","4","1934","1538","belleza-bienestar","belleza-bienestar"
"https://xn--gestindo-z3a.com/belleza-bienestar/software-reservaciones-clinica-estetica-santo-domingo/","https://xn--gestindo-z3a.com/belleza-bienestar/software-gestion-negocios-santo-domingo/","Software de Reservaciones para Clínicas Estéticas en Santo Domingo | Bookido","Software para Negocios en Santo Domingo — Reservaciones y POS | Gestióndo","software reservaciones santo domingo","software|reservaciones|santo|domingo","0.444","4","1451","1546","belleza-bienestar","belleza-bienestar"
"https://xn--gestindo-z3a.com/belleza-bienestar/software-reservaciones-salon-belleza-puerto-plata/","https://xn--gestindo-z3a.com/belleza-bienestar/software-gestion-negocios-puerto-plata/","Software de Reservaciones para Salones de Belleza en Puerto Plata | Bookido","Software para Negocios en Puerto Plata — Reservaciones y POS | Gestióndo","software reservaciones puerto plata","software|reservaciones|puerto|plata","0.444","4","2008","1501","belleza-bienestar","belleza-bienestar"
"https://xn--gestindo-z3a.com/belleza-bienestar/inventario-salon-belleza-rd/","https://xn--gestindo-z3a.com/belleza-bienestar/inventario-productos-salon-belleza-rd/","Inventario Salón Belleza RD: Control de Stock y Pedidos a Proveedores","Inventario Salón de Belleza RD: Sistema de Control Paso a Paso","inventario salon belleza control","inventario|salon|belleza|control","0.444","4","1814","1908","belleza-bienestar","belleza-bienestar"
"https://xn--gestindo-z3a.com/belleza-bienestar/software-reservaciones-spa-santo-domingo/","https://xn--gestindo-z3a.com/belleza-bienestar/software-reservaciones-nail-studio-santo-domingo/","Software de Reservaciones para Spas en Santo Domingo | Bookido","Software para Nail Studios y Salones de Uñas en Santo Domingo | Bookido","software santo domingo bookido","software|santo|domingo|bookido","0.400","4","1297","2088","belleza-bienestar","belleza-bienestar"
"https://xn--gestindo-z3a.com/belleza-bienestar/software-reservaciones-barberia-santo-domingo/","https://xn--gestindo-z3a.com/belleza-bienestar/software-reservaciones-nail-studio-santo-domingo/","Software de Reservaciones para Barberías en Santo Domingo | Bookido","Software para Nail Studios y Salones de Uñas en Santo Domingo | Bookido","software santo domingo bookido","software|santo|domingo|bookido","0.400","4","1457","2088","belleza-bienestar","belleza-bienestar"
"https://xn--gestindo-z3a.com/belleza-bienestar/software-reservaciones-nail-studio-santo-domingo/","https://xn--gestindo-z3a.com/belleza-bienestar/software-reservaciones-clinica-estetica-santo-domingo/","Software para Nail Studios y Salones de Uñas en Santo Domingo | Bookido","Software de Reservaciones para Clínicas Estéticas en Santo Domingo | Bookido","software santo domingo bookido","software|santo|domingo|bookido","0.364","4","2088","1451","belleza-bienestar","belleza-bienestar"
"https://xn--gestindo-z3a.com/finanzas-legalidad/propina-legal-10-rd/","https://xn--gestindo-z3a.com/gastronomia/propina-legal-restaurantes-rd/","Propina Legal 10% en RD: Guía completa para restaurantes | Gestióndo","Ley de Propina 10% en Restaurantes de RD: Guía Legal 2026 | Gestióndo","propina legal restaurantes rd","propina|legal|restaurantes","0.600","3","1620","1750","finanzas-legalidad","gastronomia"